[
  {
    "//comment": "This predicate returns true if a slime or honey block 2 blocks south is in direct pushing range of the current position",
    "condition": "minecraft:location_check",
    "offsetZ": 2,
    "predicate": {
      "block": {
        "tag": "dynamiclights:extends_piston"
      }
    }
  },
  {
    "condition": "minecraft:inverted",
    "term": {
      "condition": "minecraft:location_check",
      "offsetZ": 1,
      "predicate": {
        "block": {
          "tag": "dynamiclights:breaks_piston_push_chain"
        }
      }
    }
  }
]
