{
  "//comment": "Items listed here will emit light level 15",
  "replace": false,
  "values": [
    "minecraft:torch",
    {"id": "minecraft:copper_torch", "required": false},
    "minecraft:lantern",
    {"id": "#dynamiclights:groups/copper_lanterns", "required": false},
    "minecraft:campfire",
    "minecraft:lava_bucket",
    "minecraft:glowstone",
    "minecraft:sea_lantern",
    "minecraft:jack_o_lantern",
    "minecraft:shroomlight",
    "minecraft:end_rod",
    "minecraft:beacon",
    "minecraft:conduit",
    {"id": "minecraft:ochre_froglight", "required": false},
    {"id": "minecraft:pearlescent_froglight", "required": false},
    {"id": "minecraft:verdant_froglight", "required": false},
    {"id": "#dynamiclights:mod_support/light_level/15", "required": false}
  ]
}
